<?xml version="1.0" encoding="UTF-8"?>
<appdeployment:Deployment xmi:version="2.0" xmlns:xmi="http://www.omg.org/XMI" xmlns:appdeployment="http://www.ibm.com/websphere/appserver/schemas/5.0/appdeployment.xmi" xmi:id="Deployment_1243628519134">
  <deployedObject xmi:type="appdeployment:ApplicationDeployment" xmi:id="ApplicationDeployment_1243628519134" startingWeight="10">
    <modules xmi:type="appdeployment:WebModuleDeployment" xmi:id="WebModuleDeployment_1243637347726" startingWeight="10000" uri="RteIntranet-web.war"/>
    <classloader xmi:id="Classloader_1243628519134" mode="PARENT_FIRST">
      <libraries xmi:id="LibraryRef_1289499206765" libraryName="AEFW v3.0"/>
      <libraries xmi:id="LibraryRef_1511962702677" libraryName="AEFW v3.0.1.RELEASE"/>
      <libraries xmi:id="LibraryRef_1512115033251" libraryName="aec"/>
    </classloader>
  </deployedObject>
</appdeployment:Deployment>
