<?xml version="1.0" encoding="UTF-8"?>

<beans xmlns="http://www.springframework.org/schema/beans"
	   xmlns:xsi="http://www.w3.org/2001/XMLSchema-instance"
	   xsi:schemaLocation="http://www.springframework.org/schema/beans
	   					   http://www.springframework.org/schema/beans/spring-beans-3.0.xsd">

	<!-- Views and rendering bean definitions -->

	<bean class="org.springframework.web.servlet.view.tiles2.TilesViewResolver">
    	<property name="requestContextAttribute" value="rc"/>
    </bean>

    <bean class="org.springframework.web.servlet.view.tiles2.TilesConfigurer">
        <property name="definitions">
        	<list>
        		<value>/WEB-INF/tiles-defs.xml</value>
        	</list>
        </property>
    </bean>
    
</beans>