<?xml version="1.0" encoding="UTF-8"?>

<beans xmlns="http://www.springframework.org/schema/beans"
	   xmlns:xsi="http://www.w3.org/2001/XMLSchema-instance"
	   xsi:schemaLocation="http://www.springframework.org/schema/beans
	   					   http://www.springframework.org/schema/beans/spring-beans-3.0.xsd">
	
	<bean id="validator" class="org.springframework.validation.beanvalidation.LocalValidatorFactoryBean">
		<property name="messageInterpolator">
			<bean class="org.springframework.validation.beanvalidation.LocaleContextMessageInterpolator">
				<constructor-arg>
					<bean class="org.hibernate.validator.engine.ResourceBundleMessageInterpolator"/>
				</constructor-arg>
			</bean>
		</property>
	</bean>

	<bean id="conversionService" class="org.springframework.format.support.FormattingConversionServiceFactoryBean">
		
	</bean>

	<bean class="org.springframework.web.servlet.mvc.annotation.DefaultAnnotationHandlerMapping">
		<property name="alwaysUseFullPath" value="true"/>
		
	</bean>
	
	<bean class="org.springframework.web.servlet.mvc.annotation.AnnotationMethodHandlerAdapter">
		<property name="alwaysUseFullPath" value="true"/>
		<property name="webBindingInitializer" ref="webBindingInitializer"/>
	</bean>
	
	<bean id="webBindingInitializer" class="org.springframework.web.bind.support.ConfigurableWebBindingInitializer">
		<property name="validator" ref="validator"/>
		<property name="conversionService" ref="conversionService"/>
	</bean>
 	<bean id="messageSource"
	    class="org.springframework.context.support.ReloadableResourceBundleMessageSource">
	   <property name="basename" value="classpath:messages" /> 
	   <property name="defaultEncoding" value="UTF-8"/>
	</bean>
	 
	<bean id="localeChangeInterceptor"
	    class="org.springframework.web.servlet.i18n.LocaleChangeInterceptor">
	    <property name="paramName" value="lang" />
	</bean>
	 
	<bean id="localeResolver"
	    class="org.springframework.web.servlet.i18n.CookieLocaleResolver">
	    <property name="defaultLocale" value="en"/>
	</bean>
	 
	<bean id="handlerMapping"
	    class="org.springframework.web.servlet.mvc.annotation.DefaultAnnotationHandlerMapping">
	    <property name="interceptors">
	        <ref bean="localeChangeInterceptor" />
	    </property>
	</bean> 
</beans>